<?xml version="1.0" encoding="UTF-8"?>
<beans xmlns="http://www.springframework.org/schema/beans"
	xmlns:xsi="http://www.w3.org/2001/XMLSchema-instance" 
	xmlns:aop="http://www.springframework.org/schema/aop"
	xsi:schemaLocation="http://www.springframework.org/schema/beans 
	http://www.springframework.org/schema/beans/spring-beans-4.0.xsd">

	<bean id="companyDetails" class="com.cg.appl.commons.CompanyDetails" >
		<property name="companyName" value="Capgemini Solutions" />
		<property name="companyMotto" value="Always Ahead of Time" />
		<property name="niftyRank" value="150" />
		<property name="addr" ref="address" />
	</bean>
	<bean id="address" class="com.cg.appl.commons.Address">
		<property name="line1" value="GLC, Sector 4" />
		<property name="line2" value="MIDC Talwade" />
		<property name="area" value="Talwade" />
		<property name="city" value="Pune" />
		<property name="state" value="Maharashtra" />
		<property name="country" value="India" />
		<property name="pin" value="411062" />	
	</bean>

</beans>