<?xml version="1.0" encoding="UTF-8"?>
<beans xmlns="http://www.springframework.org/schema/beans"
	xmlns:xsi="http://www.w3.org/2001/XMLSchema-instance" 
	xmlns:aop="http://www.springframework.org/schema/aop"
	xsi:schemaLocation="http://www.springframework.org/schema/beans 
	http://www.springframework.org/schema/beans/spring-beans-4.0.xsd">

	<bean id="companyDetails" class="com.cg.appl.commons.CompanyDetails" >
		<constructor-arg index="1">
			<value>Always Ahead of Time</value>
		</constructor-arg>
		<constructor-arg index="0">
			<value>143</value>
		</constructor-arg>
		<constructor-arg index="2" ref="address" />
		<property name="companyName" value="Capgemini Solutions" />
		<!-- <property name="companyMotto" value="Always Ahead of Time" />
		<property name="niftyRank" value="150" /> 
		<property name="addr" ref="address" /> -->
		<property name="directors">
			<list>
				<value>Mr. abc</value>
				<value>Mr. pqr</value>
				<value>Mr. mno</value>
			</list>
		</property>
		
		<property name="branches">
			<set>
				<value>Mumbai</value>
				<value>Pune</value>
				<value>Bangalore</value>
			</set>
		</property>
		
		<property name="branchAddr">
			<map>
				<entry key="Mumbai">				
					<value>BKC</value>
				</entry>
				<entry key="Pune">
					<value>Hinjwadi</value>
				</entry>
				<entry key="Bangalore">
					<value>Whitefield</value>
				</entry>
			</map>
		</property>
		<property name="ipAddresses" ref="ipsConfig" />
		
	</bean>
	<bean id="ipsConfig" class="org.springframework.beans.factory.config.PropertiesFactoryBean">
		<property name="location" value="classpath:server.properties"></property>
	</bean>
	<bean id="address" class="com.cg.appl.commons.Address">
		<property name="line1" value="GLC, Sector 4" />
		<property name="line2" value="MIDC Talwade" />
		<property name="area" value="Talwade" />
		<property name="city" value="Pune" />
		<property name="state" value="Maharashtra" />
		<property name="country" value="India" />
		<property name="pin" value="411062" />	
	</bean>
	<bean id="emp" class="com.cg.appl.dto.Emp" scope="prototype"/> <!-- scope="singleton" -->
		
	

</beans>