<?xml version="1.0" encoding="UTF-8"?>
<beans xmlns="http://www.springframework.org/schema/beans"
	xmlns:xsi="http://www.w3.org/2001/XMLSchema-instance" 
	xmlns:aop="http://www.springframework.org/schema/aop"
	xmlns:context="http://www.springframework.org/schema/context"
	xsi:schemaLocation="http://www.springframework.org/schema/beans 
	http://www.springframework.org/schema/beans/spring-beans-4.0.xsd
	http://www.springframework.org/schema/context
     http://www.springframework.org/schema/context/spring-context-4.0.xsd">

	<bean id="emp" class="Employee">
		<property name="employeeId" value="12345"/>
		<property name="employeeName" value="Harriet" />
		<property name="salary" value="40000.0" />
		<property  name="sbu" ref="sbu details"/>
	</bean>
	
	<bean id="sbu details" class="SBU">
		<property name="sbuCode" value="PES_BU"/>
		<property name="sbuName" value="Kiran Rao"/>
		<property name="sbuHead" value="Product Engineering Services"/>
	</bean>

</beans>